<?xml version="1.0" encoding="UTF-8"?>
<project-private xmlns="http://www.netbeans.org/ns/project-private/1">
    <editor-bookmarks xmlns="http://www.netbeans.org/ns/editor-bookmarks/2" lastBookmarkId="0"/>
    <open-files xmlns="http://www.netbeans.org/ns/projectui-open-files/2">
        <group>
            <file>file:/C:/Users/moonf/OneDrive/Documents/NetBeansProjects/ChatApp(Part%201)/src/chatapp/part/pkg1/Welcome.java</file>
            <file>file:/C:/Users/moonf/OneDrive/Documents/NetBeansProjects/ChatApp(Part%201)/src/chatapp/part/pkg1/Main.java</file>
            <file>file:/C:/Users/moonf/OneDrive/Documents/NetBeansProjects/ChatApp(Part%201)/test/chatapp/part/pkg1/LoginTest.java</file>
            <file>file:/C:/Users/moonf/OneDrive/Documents/NetBeansProjects/ChatApp(Part%201)/src/chatapp/part/pkg1/UserCredentials.java</file>
            <file>file:/C:/Users/moonf/OneDrive/Documents/NetBeansProjects/ChatApp(Part%201)/test/chatapp/part/pkg1/RegistrationTest.java</file>
            <file>file:/C:/Users/moonf/OneDrive/Documents/NetBeansProjects/ChatApp(Part%201)/src/chatapp/part/pkg1/Login.java</file>
            <file>file:/C:/Users/moonf/OneDrive/Documents/NetBeansProjects/ChatApp(Part%201)/src/chatapp/part/pkg1/Registration.java</file>
        </group>
    </open-files>
</project-private>
